year,others,Aspergillus,Candida,Haemophilus,Mycobacterium,Mycobacteroides,Pseudomonas,Staphylococcus,Stenotrophomonas,unidentified,Yeast
2009,0.0455840455840456,0.0056980056980057,0.0170940170940171,0.0683760683760684,0.0142450142450142,0.00284900284900285,0.438746438746439,0.299145299145299,0.0056980056980057,0.435897435897436,0.0199430199430199
2010,0.0915032679738562,0.0196078431372549,0.00980392156862745,0.065359477124183,0.0065359477124183,0,0.254901960784314,0.30718954248366,0.0065359477124183,0.617647058823529,0.042483660130719
2011,0.0783582089552239,0.00373134328358209,0.0186567164179104,0.0597014925373134,0.00373134328358209,0.00373134328358209,0.152985074626866,0.373134328358209,0,0.716417910447761,0.0111940298507463
