year,others,Aspergillus,Candida,Haemophilus,Mycobacterium,Mycobacteroides,Pseudomonas,Staphylococcus,Stenotrophomonas,unidentified,Yeast
2010,0.0915032679738562,0.0196078431372549,0.00980392156862745,0.065359477124183,0.0065359477124183,0,0.254901960784314,0.30718954248366,0.0065359477124183,0.617647058823529,0.042483660130719
2011,0.0783582089552239,0.00373134328358209,0.0186567164179104,0.0597014925373134,0.00373134328358209,0.00373134328358209,0.152985074626866,0.373134328358209,0,0.716417910447761,0.0111940298507463
2012,0.0427807486631016,0.0106951871657754,0.0160427807486631,0.122994652406417,0,0,0.117647058823529,0.438502673796791,0,0.6524064171123,0.0106951871657754
