year,others,Aspergillus,Candida,Haemophilus,Mycobacterium,Mycobacteroides,Pseudomonas,Staphylococcus,Stenotrophomonas,unidentified,Yeast
2014,0.219047619047619,0.114285714285714,0.114285714285714,0.2,0.00952380952380952,0.0380952380952381,0.514285714285714,0.428571428571429,0.0761904761904762,0.552380952380952,0.0476190476190476
2015,0.259615384615385,0.173076923076923,0.115384615384615,0.153846153846154,0.0769230769230769,0.0673076923076923,0.471153846153846,0.355769230769231,0.0865384615384615,0.605769230769231,0.134615384615385
2016,0.263157894736842,0.210526315789474,0.210526315789474,0.0394736842105263,0.0394736842105263,0.131578947368421,0.644736842105263,0.25,0.131578947368421,0.486842105263158,0.144736842105263
