year,others,Aspergillus,Candida,Haemophilus,Mycobacterium,Mycobacteroides,Pseudomonas,Staphylococcus,Stenotrophomonas,unidentified,Yeast
2008,0.0444444444444444,0.0133333333333333,0.0222222222222222,0.0444444444444444,0,0,0.471111111111111,0.382222222222222,0.00444444444444444,0.484444444444444,0.0177777777777778
2009,0.0455840455840456,0.0056980056980057,0.0170940170940171,0.0683760683760684,0.0142450142450142,0.00284900284900285,0.438746438746439,0.299145299145299,0.0056980056980057,0.435897435897436,0.0199430199430199
2010,0.0915032679738562,0.0196078431372549,0.00980392156862745,0.065359477124183,0.0065359477124183,0,0.254901960784314,0.30718954248366,0.0065359477124183,0.617647058823529,0.042483660130719
