year,others,Aspergillus,Candida,Haemophilus,Mycobacterium,Mycobacteroides,Pseudomonas,Staphylococcus,Stenotrophomonas,unidentified,Yeast
2017,0.1,0.1,0,0,0,0,0.2,0.4,0,0.5,0.1
2018,0,0.125,0,0.125,0,0,0,0.125,0,0.875,0
2019,0.120805369127517,0.0335570469798658,0.0536912751677852,0.0939597315436242,0,0,0.0805369127516778,0.268456375838926,0.00671140939597315,0.798657718120805,0.0201342281879195
