year,others,Aspergillus,Candida,Haemophilus,Mycobacterium,Mycobacteroides,Pseudomonas,Staphylococcus,Stenotrophomonas,unidentified,Yeast
2016,0.117647058823529,0.0882352941176471,0.0882352941176471,0.0588235294117647,0,0,0.205882352941176,0.323529411764706,0.0294117647058824,0.647058823529412,0.0588235294117647
2017,0.0769230769230769,0.0769230769230769,0,0,0,0,0.153846153846154,0.307692307692308,0,0.615384615384615,0.0769230769230769
2018,0,0.1,0.1,0.1,0,0,0,0.1,0,0.8,0
