year,others,Aspergillus,Candida,Haemophilus,Mycobacterium,Mycobacteroides,Pseudomonas,Staphylococcus,Stenotrophomonas,unidentified,Yeast
2009,0,0,0,0.111111111111111,0,0,0.5,0.5,0,0.111111111111111,0
2010,0,0.0357142857142857,0.0357142857142857,0.0714285714285714,0.0357142857142857,0,0.321428571428571,0.5,0.0357142857142857,0.571428571428571,0.0357142857142857
2011,0.032258064516129,0.0645161290322581,0,0.0645161290322581,0,0,0.387096774193548,0.483870967741935,0.032258064516129,0.483870967741935,0.0645161290322581
