year,others,Aspergillus,Candida,Haemophilus,Mycobacterium,Mycobacteroides,Pseudomonas,Staphylococcus,Stenotrophomonas,unidentified,Yeast
2011,0.115825091098386,0.0567412805830297,0.0484122852680895,0.0999479437792816,0.0260281103591879,0.000520562207183758,0.406038521603332,0.37532535137949,0.0247267048412285,0.566111400312337,0.0145757418011452
2012,0.136578449905482,0.0680529300567108,0.0482041587901701,0.12523629489603,0.0448960302457467,0,0.447542533081285,0.435727788279773,0.025992438563327,0.512287334593573,0.0160680529300567
2013,0.152635181382615,0.0787132101300479,0.0657084188911704,0.17864476386037,0.0431211498973306,0.000684462696783025,0.374401095140315,0.434633812457221,0.027378507871321,0.520191649555099,0.0232717316906229
