year,others,Aspergillus,Candida,Haemophilus,Mycobacterium,Mycobacteroides,Pseudomonas,Staphylococcus,Stenotrophomonas,unidentified,Yeast
2015,0.2,0.2,0,0,0,0,0.2,0.4,0,0.6,0
2016,0.222222222222222,0,0.111111111111111,0.333333333333333,0,0.111111111111111,0.333333333333333,0.222222222222222,0,0.555555555555556,0
2017,0.3125,0.1875,0.25,0.1875,0,0,0.3125,0.25,0.125,0.5,0.1875
2018,0.260869565217391,0.130434782608696,0.16304347826087,0.315217391304348,0.0326086956521739,0.0108695652173913,0.315217391304348,0.402173913043478,0.0978260869565217,0.489130434782609,0.0434782608695652
