year,others,Aspergillus,Candida,Haemophilus,Mycobacterium,Mycobacteroides,Pseudomonas,Staphylococcus,Stenotrophomonas,unidentified,Yeast
2009,1,1,1,1,1,1,1,1,1,1,1
2010,0.998285714285714,0.993714285714286,0.997142857142857,0.997428571428571,0.998571428571429,0.961714285714286,0.971428571428571,0.984857142857143,0.996857142857143,0.996857142857143,0.995714285714286
