year,others,Aspergillus,Candida,Haemophilus,Mycobacterium,Mycobacteroides,Pseudomonas,Staphylococcus,Stenotrophomonas,unidentified,Yeast
2013,20.5442981807425,15.6633634077799,7.32140215944387,11.6254991865109,7.89823990533945,0.0887442685993196,58.8670315042153,36.5626386629197,6.49312231918355,36.5330572400532,4.68865552433072
2014,23.6689106487148,19.0789473684211,11.4290085679315,11.7044063647491,2.203182374541,3.79436964504284,63.4026927784578,38.5403916768666,7.69583843329253,43.7882496940024,6.27294981640147
2015,24.5484020379805,18.7741238227574,13.555658483866,11.0390612938089,3.79805465493284,3.21136328547167,61.8959394781535,38.7833873706963,7.441716844218,45.7773660645361,8.58422109001081
2016,25.497287522604,21.1080059181325,21.8970902515206,9.60052605622226,4.10981423639651,6.3619924379418,60.364951504192,35.5252342594115,8.12099293111951,46.6381719546277,10.126582278481
2017,27.9081214109926,22.8712059064807,21.6078753076292,11.0418375717801,3.6259228876128,6.66119770303527,58.6546349466776,36.8170631665299,9.12223133716161,43.7571780147662,10.4183757178015
2018,27.6284450493365,22.5757060224566,21.197686287853,11.0751956447771,4.37223545423613,7.33242599523647,58.2681184076216,38.2953385505274,9.10173528411024,46.7846206192582,10.9050697516162
