year,others,Aspergillus,Candida,Haemophilus,Mycobacterium,Mycobacteroides,Pseudomonas,Staphylococcus,Stenotrophomonas,unidentified,Yeast
2015,20,20,0,0,0,0,20,40,0,60,0
2016,22.2222222222222,0,11.1111111111111,33.3333333333333,0,11.1111111111111,33.3333333333333,22.2222222222222,0,55.5555555555556,0
2017,31.25,18.75,25,18.75,0,0,31.25,25,12.5,50,18.75
