year,others,Aspergillus,Candida,Haemophilus,Mycobacterium,Mycobacteroides,Pseudomonas,Staphylococcus,Stenotrophomonas,unidentified,Yeast
2014,22.972972972973,6.75675675675676,9.45945945945946,18.9189189189189,0,0,39.1891891891892,39.1891891891892,0,62.1621621621622,4.05405405405405
2015,15.2941176470588,3.52941176470588,4.70588235294118,28.2352941176471,0,0,28.2352941176471,43.5294117647059,2.35294117647059,67.0588235294118,4.70588235294118
2016,16.0583941605839,6.56934306569343,5.10948905109489,21.1678832116788,1.45985401459854,0.72992700729927,17.5182481751825,44.5255474452555,2.18978102189781,62.043795620438,6.56934306569343
