year,others,Aspergillus,Candida,Haemophilus,Mycobacterium,Mycobacteroides,Pseudomonas,Staphylococcus,Stenotrophomonas,unidentified,Yeast
2011,0.032258064516129,0.0645161290322581,0,0.0645161290322581,0,0,0.387096774193548,0.483870967741935,0.032258064516129,0.483870967741935,0.0645161290322581
2012,0.166666666666667,0.0317460317460317,0.00793650793650794,0.222222222222222,0.0238095238095238,0,0.174603174603175,0.30952380952381,0.0158730158730159,0.507936507936508,0
2013,0.156626506024096,0.0542168674698795,0.0421686746987952,0.204819277108434,0.0301204819277108,0,0.13855421686747,0.367469879518072,0.0240963855421687,0.542168674698795,0.0120481927710843
2014,0.214285714285714,0.0238095238095238,0.0476190476190476,0.182539682539683,0.00793650793650794,0,0.166666666666667,0.277777777777778,0,0.753968253968254,0.0238095238095238
