year,others,Aspergillus,Candida,Haemophilus,Mycobacterium,Mycobacteroides,Pseudomonas,Staphylococcus,Stenotrophomonas,unidentified,Yeast
2015,24.5484020379805,18.7741238227574,13.555658483866,11.0390612938089,3.79805465493284,3.21136328547167,61.8959394781535,38.7833873706963,7.441716844218,45.7773660645361,8.58422109001081
2016,25.497287522604,21.1080059181325,21.8970902515206,9.60052605622226,4.10981423639651,6.3619924379418,60.364951504192,35.5252342594115,8.12099293111951,46.6381719546277,10.126582278481
2017,27.9081214109926,22.8712059064807,21.6078753076292,11.0418375717801,3.6259228876128,6.66119770303527,58.6546349466776,36.8170631665299,9.12223133716161,43.7571780147662,10.4183757178015
