year,others,Aspergillus,Candida,Haemophilus,Mycobacterium,Mycobacteroides,Pseudomonas,Staphylococcus,Stenotrophomonas,unidentified,Yeast
2009,0,0,0,0.111111111111111,0,0,0.5,0.5,0,0.111111111111111,0
2010,0,0.0357142857142857,0.0357142857142857,0.0714285714285714,0.0357142857142857,0,0.321428571428571,0.5,0.0357142857142857,0.571428571428571,0.0357142857142857
2011,0.032258064516129,0.0645161290322581,0,0.0645161290322581,0,0,0.387096774193548,0.483870967741935,0.032258064516129,0.483870967741935,0.0645161290322581
2012,0.166666666666667,0.0317460317460317,0.00793650793650794,0.222222222222222,0.0238095238095238,0,0.174603174603175,0.30952380952381,0.0158730158730159,0.507936507936508,0
