year,others,Aspergillus,Candida,Haemophilus,Mycobacterium,Mycobacteroides,Pseudomonas,Staphylococcus,Stenotrophomonas,unidentified,Yeast
2010,0.0883838383838384,0.0151515151515152,0.0151515151515152,0.0631313131313131,0.00505050505050505,0,0.21969696969697,0.305555555555556,0.00505050505050505,0.643939393939394,0.0353535353535354
2011,0.0749354005167959,0.00258397932816537,0.0258397932816537,0.0697674418604651,0.00516795865633075,0.00516795865633075,0.13953488372093,0.366925064599483,0,0.708010335917313,0.0180878552971576
2012,0.0518518518518519,0.0111111111111111,0.0185185185185185,0.12962962962963,0,0,0.114814814814815,0.414814814814815,0,0.651851851851852,0.00740740740740741
2013,0.0826771653543307,0.0118110236220472,0.0118110236220472,0.125984251968504,0.00393700787401575,0,0.0866141732283465,0.318897637795276,0.0118110236220472,0.700787401574803,0.0118110236220472
