year,others,Aspergillus,Candida,Haemophilus,Mycobacterium,Mycobacteroides,Pseudomonas,Staphylococcus,Stenotrophomonas,unidentified,Yeast
2017,0.0769230769230769,0.0769230769230769,0,0,0,0,0.153846153846154,0.307692307692308,0,0.615384615384615,0.0769230769230769
2018,0,0.1,0.1,0.1,0,0,0,0.1,0,0.8,0
2019,0.103092783505155,0.0309278350515464,0.0515463917525773,0.0876288659793814,0.00515463917525773,0,0.077319587628866,0.252577319587629,0.00515463917525773,0.804123711340206,0.0154639175257732
