year,others,Aspergillus,Candida,Haemophilus,Mycobacterium,Mycobacteroides,Pseudomonas,Staphylococcus,Stenotrophomonas,unidentified,Yeast
2008,0.0476190476190476,0.142857142857143,0,0,0.0476190476190476,0,0.476190476190476,0.619047619047619,0,0.428571428571429,0
2009,0,0,0,0.111111111111111,0,0,0.5,0.5,0,0.111111111111111,0
2010,0,0.0357142857142857,0.0357142857142857,0.0714285714285714,0.0357142857142857,0,0.321428571428571,0.5,0.0357142857142857,0.571428571428571,0.0357142857142857
