year,others,Aspergillus,Candida,Haemophilus,Mycobacterium,Mycobacteroides,Pseudomonas,Staphylococcus,Stenotrophomonas,unidentified,Yeast
2015,0.1484375,0.03125,0.03125,0.1875,0,0,0.2265625,0.3125,0.0078125,0.6328125,0.0234375
2016,0.117647058823529,0.0882352941176471,0.0882352941176471,0.0588235294117647,0,0,0.205882352941176,0.323529411764706,0.0294117647058824,0.647058823529412,0.0588235294117647
2017,0.0769230769230769,0.0769230769230769,0,0,0,0,0.153846153846154,0.307692307692308,0,0.615384615384615,0.0769230769230769
2018,0,0.1,0.1,0.1,0,0,0,0.1,0,0.8,0
2019,0.103092783505155,0.0309278350515464,0.0515463917525773,0.0876288659793814,0.00515463917525773,0,0.077319587628866,0.252577319587629,0.00515463917525773,0.804123711340206,0.0154639175257732
2020,0.124031007751938,0.0155038759689922,0.0465116279069767,0.147286821705426,0,0.00775193798449612,0.0465116279069767,0.13953488372093,0,0.736434108527132,0.0310077519379845
