year,others,Aspergillus,Candida,Haemophilus,Mycobacterium,Mycobacteroides,Pseudomonas,Staphylococcus,Stenotrophomonas,unidentified,Yeast
2018,0,0.1,0.1,0.1,0,0,0,0.1,0,0.8,0
2019,0.103092783505155,0.0309278350515464,0.0515463917525773,0.0876288659793814,0.00515463917525773,0,0.077319587628866,0.252577319587629,0.00515463917525773,0.804123711340206,0.0154639175257732
2020,0.124031007751938,0.0155038759689922,0.0465116279069767,0.147286821705426,0,0.00775193798449612,0.0465116279069767,0.13953488372093,0,0.736434108527132,0.0310077519379845
