year,others,Aspergillus,Candida,Haemophilus,Mycobacterium,Mycobacteroides,Pseudomonas,Staphylococcus,Stenotrophomonas,unidentified,Yeast
2014,1,1,1,1,1,1,0.999428571428571,0.999428571428571,1,1,1
2015,1,1,1,1,1,1,0.999428571428571,0.999428571428571,1,1,1
2016,1,1,1,1,1,1,0.999714285714286,0.999428571428571,1,1,1
2017,1,1,1,1,1,1,1,0.999428571428571,1,1,1
2018,0.999714285714286,1,1,1,1,1,0.999714285714286,0.999428571428571,1,1,1
2019,0.999714285714286,0.999714285714286,1,1,1,1,0.941142857142857,0.999428571428571,1,1,1
2020,0.999142857142857,0.999714285714286,1,0.988857142857143,1,1,0.835142857142857,0.999428571428571,1,0.998571428571429,1
