year,others,Aspergillus,Candida,Haemophilus,Mycobacterium,Mycobacteroides,Pseudomonas,Staphylococcus,Stenotrophomonas,unidentified,Yeast
2012,0.924857142857143,0.892285714285714,1,0.998857142857143,1,1,0.997428571428571,1,1,1,1
2013,0.924857142857143,0.892,1,0.998,1,1,0.996857142857143,1,1,1,0.999714285714286
2014,0.924857142857143,0.892,1,0.997428571428571,1,1,0.997428571428571,1,1,1,0.999714285714286
2015,0.924857142857143,0.892,1,0.997428571428571,1,1,0.997428571428571,1,1,1,0.999428571428571
2016,0.924571428571429,0.892,1,0.997428571428571,1,1,0.997428571428571,1,1,0.999428571428571,0.999428571428571
2017,0.924285714285714,0.892,1,0.997428571428571,0.999714285714286,1,0.997142857142857,1,0.999428571428571,1,0.998571428571429
2018,0.924285714285714,0.892,0.999714285714286,0.997428571428571,0.999428571428571,1,0.996285714285714,0.999714285714286,0.998,0.999428571428571,0.998285714285714
2019,0.923428571428571,0.892,0.98,0.976285714285714,0.999142857142857,1,0.937714285714286,0.999142857142857,0.997714285714286,0.998571428571429,0.997428571428571
