year,others,Aspergillus,Candida,Haemophilus,Mycobacterium,Mycobacteroides,Pseudomonas,Staphylococcus,Stenotrophomonas,unidentified,Yeast
2018,1,1,1,1,1,1,1,0.694571428571429,1,0.565428571428571,1
2019,1,1,1,1,1,1,1,0.694571428571429,1,0.565428571428571,1
2020,1,1,1,1,1,1,1,0.694571428571429,1,0.565428571428571,1
