year,others,Aspergillus,Candida,Haemophilus,Mycobacterium,Mycobacteroides,Pseudomonas,Staphylococcus,Stenotrophomonas,unidentified,Yeast
2009,0.999142857142857,1,1,1,1,1,0.497428571428571,0.999714285714286,1,0,1
2010,0.999142857142857,1,1,1,1,1,0.497428571428571,0.999714285714286,1,0.999714285714286,1
2011,0.999142857142857,1,1,1,1,1,0.497428571428571,0.999714285714286,1,1,1
2012,0.999142857142857,1,1,1,1,1,0.497428571428571,0.999714285714286,1,0.999714285714286,1
