year,others,Aspergillus,Candida,Haemophilus,Mycobacterium,Mycobacteroides,Pseudomonas,Staphylococcus,Stenotrophomonas,unidentified,Yeast
2014,0.708285714285714,1,0.768571428571429,1,1,1,1,0.972285714285714,1,0.996,1
2015,0.707428571428571,1,0.760857142857143,1,1,1,0.880285714285714,0.971714285714286,1,0.994857142857143,1
2016,0.707428571428571,1,0.760285714285714,0.843428571428571,1,1,1,0.976857142857143,1,0.987714285714286,0.999714285714286
2017,0.707142857142857,1,0.76,0.833714285714286,0.999714285714286,1,1,0.968857142857143,1,0.968571428571429,0.999142857142857
2018,0.706857142857143,0.999714285714286,0.759428571428571,0.823428571428571,0.981714285714286,1,1,0.974571428571429,1,0.962857142857143,0.991714285714286
2019,0.705142857142857,0.975142857142857,0.757428571428571,0.834285714285714,0.858285714285714,1,0.999714285714286,0.957142857142857,1,0.946857142857143,0.991142857142857
