year,others,Aspergillus,Candida,Haemophilus,Mycobacterium,Mycobacteroides,Pseudomonas,Staphylococcus,Stenotrophomonas,unidentified,Yeast
2011,0.994,1,1,1,1,1,1,0.999714285714286,1,0.999714285714286,1
2012,0.994,1,1,1,1,1,0.999428571428571,0.999714285714286,1,0.999714285714286,1
2013,0.994,1,1,1,1,1,0.999428571428571,0.999714285714286,1,0.999714285714286,1
2014,0.994,1,1,1,1,1,0.999714285714286,0.999714285714286,1,0.999714285714286,1
2015,0.994,1,1,1,1,1,0.999142857142857,0.999714285714286,1,0.999714285714286,1
2016,0.992857142857143,1,1,0.845714285714286,1,1,0.975714285714286,0.999714285714286,1,0.999714285714286,0.999714285714286
2017,0.992857142857143,1,1,0.845714285714286,0.999714285714286,1,0.884,0.999714285714286,0.999714285714286,0.999428571428571,0.999714285714286
2018,0.992857142857143,1,1,0.845142857142857,0.999714285714286,1,0.828285714285714,0.999714285714286,0.999714285714286,0.999428571428571,0.999714285714286
2019,0.992285714285714,0.961142857142857,0.980571428571429,0.841142857142857,0.993142857142857,0.997142857142857,0.706,0.996857142857143,0.995714285714286,0.995428571428571,0.996857142857143
