year,others,Aspergillus,Candida,Haemophilus,Mycobacterium,Mycobacteroides,Pseudomonas,Staphylococcus,Stenotrophomonas,unidentified,Yeast
2016,1,1,1,0.768857142857143,1,1,0.769714285714286,0.651428571428571,1,0.499142857142857,1
2017,1,1,1,0.769142857142857,1,1,0.768857142857143,0.766,1,0.768857142857143,1
