year,others,Aspergillus,Candida,Haemophilus,Mycobacterium,Mycobacteroides,Pseudomonas,Staphylococcus,Stenotrophomonas,unidentified,Yeast
2014,0.962,1,1,0.962,1,1,0.999428571428571,0.713428571428571,1,1,1
2015,0.962,1,1,0.961714285714286,1,1,0.991714285714286,0.713428571428571,1,0.997714285714286,1
2016,0.961714285714286,1,1,0.961714285714286,1,1,1,0.713428571428571,1,1,1
2017,0.961714285714286,1,1,0.961714285714286,1,1,0.992571428571429,0.713428571428571,1,1,1
2018,0.961714285714286,1,1,0.961714285714286,1,0.999714285714286,0.976571428571429,0.713142857142857,1,1,1
2019,0.96,1,1,0.961714285714286,0.999714285714286,0.966,0.844857142857143,0.712857142857143,1,1,1
2020,0.96,0.962571428571429,0.988285714285714,0.961714285714286,0.999714285714286,0.859428571428571,0.504571428571429,0.710285714285714,1,0.999714285714286,1
