year,others,Aspergillus,Candida,Haemophilus,Mycobacterium,Mycobacteroides,Pseudomonas,Staphylococcus,Stenotrophomonas,unidentified,Yeast
2014,1,1,1,1,1,1,1,0.999714285714286,1,1,1
2015,1,1,1,1,1,1,1,0.999714285714286,1,0.845142857142857,1
2016,1,1,1,1,1,1,1,0.999714285714286,1,1,1
2017,1,1,1,1,1,1,1,0.999714285714286,1,1,1
2018,1,1,0.998571428571429,1,1,0.858857142857143,0.992857142857143,0.999714285714286,1,1,1
2019,0.997714285714286,0.994285714285714,0.898285714285714,1,1,0.678,0.872857142857143,0.999714285714286,0.997428571428571,1,0.998857142857143
