year,others,Aspergillus,Candida,Haemophilus,Mycobacterium,Mycobacteroides,Pseudomonas,Staphylococcus,Stenotrophomonas,unidentified,Yeast
2015,0.999714285714286,1,1,1,1,1,1,0.428285714285714,1,0.999428571428571,1
2016,1,1,1,1,1,1,0.999714285714286,0.428285714285714,1,0.998857142857143,1
2017,0.999714285714286,1,1,1,1,1,0.999714285714286,0.428285714285714,1,0.998857142857143,1
2018,0.999714285714286,1,1,1,1,1,0.999714285714286,0.428285714285714,1,0.998285714285714,1
2019,0.999714285714286,0.999142857142857,0.999714285714286,1,1,1,0.999714285714286,0.428,1,0.998,0.999714285714286
2020,0.999714285714286,1,0.999714285714286,1,1,1,0.999428571428571,0.428,1,0.997714285714286,0.999714285714286
