year,others,Aspergillus,Candida,Haemophilus,Mycobacterium,Mycobacteroides,Pseudomonas,Staphylococcus,Stenotrophomonas,unidentified,Yeast
2010,0.999714285714286,1,1,1,1,1,1,1,1,0.999714285714286,1
2011,0.999714285714286,1,1,1,1,1,1,1,1,0.999714285714286,1
2012,0.999714285714286,1,1,1,1,1,0.999714285714286,1,1,0.999714285714286,1
2013,0.999714285714286,1,1,1,1,1,0.999714285714286,1,1,0.999714285714286,1
2014,0.999714285714286,1,1,1,1,1,1,1,1,0.999714285714286,1
2015,0.999714285714286,1,1,1,1,1,1,1,1,0.999714285714286,1
2016,0.998285714285714,1,0.999714285714286,0.999428571428571,1,1,1,1,1,0.999714285714286,1
2017,0.998,0.999714285714286,0.999714285714286,0.999428571428571,1,1,0.999428571428571,0.999714285714286,1,0.999714285714286,1
2018,0.998,0.999714285714286,0.999142857142857,0.934857142857143,1,1,0.998857142857143,0.998857142857143,0.993142857142857,0.999714285714286,0.999714285714286
