year,others,Aspergillus,Candida,Haemophilus,Mycobacterium,Mycobacteroides,Pseudomonas,Staphylococcus,Stenotrophomonas,unidentified,Yeast
2014,1,1,1,1,1,1,1,1,1,1,1
2015,1,1,1,1,1,0.762857142857143,0.366857142857143,1,1,1,1
2016,1,1,1,0.999428571428571,0.999714285714286,0.01,0.00342857142857143,1,0.999428571428571,1,1
