year,others,Aspergillus,Candida,Haemophilus,Mycobacterium,Mycobacteroides,Pseudomonas,Staphylococcus,Stenotrophomonas,unidentified,Yeast
2009,0.950285714285714,1,1,1,1,1,0.95,1,1,0.286857142857143,1
2010,0.95,1,1,0.999714285714286,1,1,0.999714285714286,0.999714285714286,1,0.286857142857143,1
