year,others,Aspergillus,Candida,Haemophilus,Mycobacterium,Mycobacteroides,Pseudomonas,Staphylococcus,Stenotrophomonas,unidentified,Yeast
2014,1,1,0.999714285714286,1,1,1,1,1,1,0.999714285714286,1
2015,1,1,0.999714285714286,1,1,1,1,0.999714285714286,0.998571428571429,0.999142857142857,1
2016,1,1,0.999714285714286,1,1,1,1,0.996857142857143,0.998571428571429,0.999142857142857,1
2017,0.999714285714286,1,0.999714285714286,1,1,1,0.999714285714286,0.996285714285714,0.998285714285714,0.999714285714286,1
2018,0.998285714285714,0.999714285714286,0.999714285714286,1,1,1,0.999142857142857,0.996,0.997142857142857,0.999142857142857,0.999714285714286
