year,others,Aspergillus,Candida,Haemophilus,Mycobacterium,Mycobacteroides,Pseudomonas,Staphylococcus,Stenotrophomonas,unidentified,Yeast
2016,1,1,1,1,1,1,1,0.990285714285714,1,1,1
2017,1,1,1,1,1,1,1,0.990285714285714,1,1,1
2018,1,1,1,0.999714285714286,1,1,1,0.990285714285714,1,0.998857142857143,1
2019,1,1,1,0.998857142857143,1,1,1,0.990285714285714,1,0.830571428571429,0.999714285714286
